asset_id,asset_type,issuer_id,issuer_name,sector,country,rating_bucket,currency,notional,market_value,mod_duration,convexity,spread_duration,is_floating,pd_1y,lgd,dv01,side,beta
LOA-001,Loan,US-JPM,JPMorgan Chase & Co.,Financials,US,A,USD,28486296.07,28486296.07,0.25,0.056,2.029742121975031,True,0.0007,0.413,0.0,long,0.0
LOA-002,Loan,US-BAC,Bank of America Corp.,Financials,US,A,USD,22222913.35,22222913.35,3.0762934852675263,8.517,3.0762934852675263,False,0.00074,0.439,0.0,long,0.0
LOA-003,Loan,US-GS,Goldman Sachs Group Inc.,Financials,US,A,USD,30068450.23,30068450.23,2.500699348267083,5.628,2.500699348267083,False,0.00061,0.354,0.0,long,0.0
LOA-004,Loan,US-TSLA,Tesla Inc.,Consumer Discretionary,US,BBB,USD,27054687.2,27054687.2,0.25,0.056,4.258976231672837,True,0.00227,0.447,0.0,long,0.0
LOA-005,Loan,US-F,Ford Motor Co.,Consumer Discretionary,US,BBB,USD,15779645.28,15779645.28,0.25,0.056,3.133654941725528,True,0.00202,0.369,0.0,long,0.0
LOA-006,Loan,US-BA,Boeing Co.,Industrials,US,BBB,USD,32255910.04,32255910.04,0.25,0.056,3.5125377344133617,True,0.0018,0.417,0.0,long,0.0
LOA-007,Loan,US-INTC,Intel Corp.,Information Technology,US,BBB,USD,28246728.63,28246728.63,0.25,0.056,4.797641505808215,True,0.00223,0.381,0.0,long,0.0
LOA-008,Loan,US-AMZN,Amazon.com Inc.,Consumer Discretionary,US,AAA-AA,USD,28712627.65,28712627.65,4.697151686988487,19.857,4.697151686988487,False,0.00019,0.379,0.0,long,0.0
LOA-009,Loan,US-XOM,Exxon Mobil Corp.,Energy,US,AAA-AA,USD,16413993.66,16413993.66,2.3031089409935155,4.774,2.3031089409935155,False,0.00018,0.351,0.0,long,0.0
LOA-010,Loan,IN-RELIANCE,Reliance Industries Ltd.,Energy,IN,BBB,INR,22438015.36,22438015.36,4.193463083731316,15.827,4.193463083731316,False,0.00223,0.428,0.0,long,0.0
LOA-011,Loan,IN-TATAMOTORS,Tata Motors Ltd.,Consumer Discretionary,IN,BB,INR,20950331.46,20950331.46,0.25,0.056,3.847468305430417,True,0.00863,0.361,0.0,long,0.0
LOA-012,Loan,IN-ADANIENT,Adani Enterprises Ltd.,Industrials,IN,BB,INR,31342651.88,31342651.88,3.495946342115277,10.999,3.495946342115277,False,0.01054,0.426,0.0,long,0.0
LOA-013,Loan,IN-HDFCBANK,HDFC Bank Ltd.,Financials,IN,BBB,INR,26054592.93,26054592.93,3.7928858423687846,12.947,3.7928858423687846,False,0.0021,0.38,0.0,long,0.0
LOA-014,Loan,IN-SBIN,State Bank of India,Financials,IN,BBB,INR,29398586.0,29398586.0,0.25,0.056,3.3721826012365046,True,0.00179,0.391,0.0,long,0.0
LOA-015,Loan,IN-INFY,Infosys Ltd.,Information Technology,IN,A,INR,22307697.28,22307697.28,2.642182149115227,6.283,2.642182149115227,False,0.0005,0.378,0.0,long,0.0
LOA-016,Loan,GB-HSBC,HSBC Holdings plc,Financials,GB,A,USD,18266872.97,18266872.97,0.25,0.056,4.182899453016822,True,0.00063,0.428,0.0,long,0.0
BON-001,Bond,SOV-US,United States Treasury,Sovereign,US,AAA-AA,USD,24130280.12,25088651.82,3.07,11.868,0.0,False,0.0002,0.6,0.0,long,0.0
BON-002,Bond,SOV-US,United States Treasury,Sovereign,US,AAA-AA,USD,21351396.58,20513264.21,8.752,81.088,0.0,False,0.0002,0.6,0.0,long,0.0
BON-003,Bond,SOV-IN,Government of India,Sovereign,IN,BBB,INR,27094738.97,27744316.76,7.048,53.888,7.048,False,0.002,0.6,0.0,long,0.0
BON-004,Bond,US-AAPL,Apple Inc.,Information Technology,US,AAA-AA,USD,16719699.85,16266275.94,8.8,81.922,8.8,False,0.0002,0.6,0.0,long,0.0
BON-005,Bond,US-MSFT,Microsoft Corp.,Information Technology,US,AAA-AA,USD,13637806.81,13707218.1,7.16,55.501,7.16,False,0.0002,0.6,0.0,long,0.0
BON-006,Bond,US-JPM,JPMorgan Chase & Co.,Financials,US,A,USD,14300248.63,14901694.49,4.27,21.374,4.27,False,0.0006,0.6,0.0,long,0.0
BON-007,Bond,US-BAC,Bank of America Corp.,Financials,US,A,USD,26002827.4,26118332.35,8.367,74.454,8.367,False,0.0006,0.6,0.0,long,0.0
BON-008,Bond,US-F,Ford Motor Co.,Consumer Discretionary,US,BBB,USD,21080466.56,21497613.51,3.815,17.454,3.815,False,0.002,0.6,0.0,long,0.0
BON-009,Bond,US-BA,Boeing Co.,Industrials,US,BBB,USD,15642641.41,16165142.82,6.265,43.239,6.265,False,0.002,0.6,0.0,long,0.0
BON-010,Bond,US-INTC,Intel Corp.,Information Technology,US,BBB,USD,22766127.73,22192410.58,8.068,69.502,8.068,False,0.002,0.6,0.0,long,0.0
BON-011,Bond,US-META,Meta Platforms Inc.,Communication Services,US,AAA-AA,USD,15897512.93,16006206.21,7.177,55.745,7.177,False,0.0002,0.6,0.0,long,0.0
BON-012,Bond,US-GOOGL,Alphabet Inc.,Communication Services,US,AAA-AA,USD,25872189.63,25656424.31,6.578,47.349,6.578,False,0.0002,0.6,0.0,long,0.0
BON-013,Bond,IN-RELIANCE,Reliance Industries Ltd.,Energy,IN,BBB,INR,20336981.19,21218737.9,6.724,49.339,6.724,False,0.002,0.6,0.0,long,0.0
BON-014,Bond,IN-TATAMOTORS,Tata Motors Ltd.,Consumer Discretionary,IN,BB,INR,19143627.36,20063300.63,5.203,30.658,5.203,False,0.01,0.6,0.0,long,0.0
BON-015,Bond,IN-ADANIENT,Adani Enterprises Ltd.,Industrials,IN,BB,INR,18335522.12,18652879.95,5.711,36.409,5.711,False,0.01,0.6,0.0,long,0.0
BON-016,Bond,IN-SBIN,State Bank of India,Financials,IN,BBB,INR,23513906.6,24484973.38,3.439,14.505,3.439,False,0.002,0.6,0.0,long,0.0
BON-017,Bond,GB-HSBC,HSBC Holdings plc,Financials,GB,A,USD,19072882.14,19722557.04,6.32,43.945,6.32,False,0.0006,0.6,0.0,long,0.0
EQU-001,Equity,US-AAPL,Apple Inc.,Information Technology,US,AAA-AA,USD,16909026.57,16909026.57,0.0,0.0,0.0,False,0.0,0.0,0.0,long,1.14
EQU-002,Equity,US-NVDA,Nvidia Corp.,Information Technology,US,AAA-AA,USD,13436020.46,13436020.46,0.0,0.0,0.0,False,0.0,0.0,0.0,long,1.35
EQU-003,Equity,US-MSFT,Microsoft Corp.,Information Technology,US,AAA-AA,USD,11072042.22,11072042.22,0.0,0.0,0.0,False,0.0,0.0,0.0,long,0.86
EQU-004,Equity,US-TSLA,Tesla Inc.,Consumer Discretionary,US,BBB,USD,13535492.43,13535492.43,0.0,0.0,0.0,False,0.0,0.0,0.0,long,1.14
EQU-005,Equity,IN-RELIANCE,Reliance Industries Ltd.,Energy,IN,BBB,INR,7800850.25,7800850.25,0.0,0.0,0.0,False,0.0,0.0,0.0,long,1.14
EQU-006,Equity,IN-INFY,Infosys Ltd.,Information Technology,IN,A,INR,17246568.07,17246568.07,0.0,0.0,0.0,False,0.0,0.0,0.0,long,1.46
IRS-001,IRS,,,Rates/FX,US,AAA-AA,USD,22769952.81,0.0,6.16,0.0,0.0,False,0.0,0.0,14026.29,pay_fixed,0.0
IRS-002,IRS,,,Rates/FX,US,AAA-AA,USD,21077555.16,0.0,6.16,0.0,0.0,False,0.0,0.0,12983.77,pay_fixed,0.0
IRS-003,IRS,,,Rates/FX,US,AAA-AA,USD,17519858.05,0.0,8.8,0.0,0.0,False,0.0,0.0,15417.48,pay_fixed,0.0
IRS-004,IRS,,,Rates/FX,US,AAA-AA,USD,18632633.99,0.0,6.16,0.0,0.0,False,0.0,0.0,11477.7,receive_fixed,0.0
CDS-001,CDS,IN-TATAMOTORS,Tata Motors Ltd.,Consumer Discretionary,IN,BB,INR,7727587.04,0.0,0.0,0.0,4.112,False,0.0,0.0,0.0,protection_bought,0.0
CDS-002,CDS,IN-ADANIENT,Adani Enterprises Ltd.,Industrials,IN,BB,INR,15786343.11,0.0,0.0,0.0,4.443,False,0.0,0.0,0.0,protection_bought,0.0
CDS-003,CDS,US-F,Ford Motor Co.,Consumer Discretionary,US,BBB,USD,16486069.85,0.0,0.0,0.0,4.087,False,0.0,0.0,0.0,protection_bought,0.0
FXF-001,FXForward,,,Rates/FX,IN,AAA-AA,INR,18408985.18,0.0,0.0,0.0,0.0,False,0.0,0.0,0.0,short,0.0
FXF-002,FXForward,,,Rates/FX,IN,AAA-AA,INR,13347934.39,0.0,0.0,0.0,0.0,False,0.0,0.0,0.0,short,0.0
FXF-003,FXForward,,,Rates/FX,IN,AAA-AA,INR,18243080.43,0.0,0.0,0.0,0.0,False,0.0,0.0,0.0,long,0.0
